session,lap,lap_clean,corner,direction,entry_speed_mps,apex_speed_mps,exit_speed_mps,speed_min_offset_m,brake_start_m,braking_length_m,peak_brake,trail_braking,throttle_pickup_offset_m,min_throttle_in_corner,time_in_corner_s,peak_abs_slip_rad,off_track_points,ref_time_in_corner_s,delta_time_s,delta_brake_m,delta_apex_speed_mps,delta_throttle_pickup_m,advice_count
session_1788437179326,0,false,0,L,60.0873,60.0873,61.3674,-14.0000,,,0.0000,false,0.0000,0.1568,0.2550,0.0028,0,,,,,,1
session_1788437179326,0,false,1,R,25.8850,12.4882,13.0004,12.0000,906.0000,-6.0000,1.0000,false,45.0000,0.0000,3.0190,0.1056,0,,,,,,1
session_1788437179326,0,false,2,R,13.0004,13.0004,26.4548,0.0000,,,0.0000,false,27.0000,0.3569,2.9790,0.0870,0,,,,,,1
session_1788437179326,0,false,3,L,26.4548,26.4548,33.0663,0.0000,,,0.0000,false,0.0000,0.7957,0.6700,0.0075,0,,,,,,0
session_1788437179326,0,false,4,R,39.6751,35.9071,38.9511,163.0000,,,0.0000,false,,0.3412,8.7740,0.0209,0,,,,,,2
session_1788437179326,0,false,5,R,38.0807,33.4233,35.0281,36.5000,,,0.0000,false,39.5000,0.0000,5.2150,0.0260,0,,,,,,1
session_1788437179326,0,false,6,L,38.7173,37.9708,39.4983,-4.0000,,,0.0000,false,0.0000,0.0000,0.4180,0.0144,0,,,,,,1
session_1788437179326,0,false,7,R,27.1906,27.1906,30.2553,-20.0000,,,0.0000,false,19.0000,0.0000,2.5200,0.0630,0,,,,,,1
session_1788437179326,0,false,8,L,32.6189,31.1148,33.3913,6.5000,,,0.0000,false,9.5000,0.0000,0.9730,0.0494,0,,,,,,0
session_1788437179326,0,false,9,R,40.5014,37.7983,44.9808,-66.9995,,,0.0000,false,0.0005,0.0000,5.1160,0.0420,0,,,,,,1
session_1788437179326,0,false,10,L,43.8934,43.8934,45.6976,-28.9995,,,0.0000,false,,0.2292,0.8050,0.0240,0,,,,,,2
session_1788437179326,0,false,11,R,43.8179,37.2686,37.2686,30.5005,2800.0000,-19.5005,0.4224,true,80.5005,0.0000,1.9070,0.0053,0,,,,,,2
session_1788437179326,0,false,12,L,40.3412,38.7372,38.7372,6.0005,,,0.0000,false,8.0005,0.0000,0.5330,0.0260,0,,,,,,1
session_1788437179326,0,false,13,L,34.0396,32.8823,33.0671,4.0005,,,0.0000,false,14.0005,0.0000,0.7000,0.0346,0,,,,,,1
session_1788437179326,0,false,14,R,32.9129,32.2867,33.6627,16.5005,,,0.0000,false,17.5005,0.0000,2.2000,0.0707,0,,,,,,1
session_1788437179326,0,false,15,L,61.1147,61.1147,63.2689,-14.0000,,,0.0000,false,0.0000,0.3984,0.3370,0.0010,0,,,,,,1
session_1788437179326,0,false,16,R,79.2078,79.2078,79.9527,-32.0000,,,0.0000,false,0.0000,1.0000,0.4440,0.0112,0,,,,,,1
session_1788437179326,0,false,17,R,68.6614,44.4777,44.5841,23.5000,5013.0000,31.5000,1.0000,true,82.5000,0.0000,2.0860,0.0402,0,,,,,,2
session_1788437179326,0,false,18,R,44.5841,44.4841,69.3725,5.0000,,,0.0000,false,17.0000,0.5051,4.2330,0.0332,0,,,,,,0
session_1788437179326,0,false,19,L,76.9429,76.9429,77.5232,-14.9995,,,0.0000,false,0.0005,1.0000,0.2080,0.0053,0,,,,,,1
session_1788437179326,1,false,0,L,85.8219,85.8219,85.8565,-14.0000,,,0.0000,false,0.0000,1.0000,0.1640,0.0001,0,,,,,,1
session_1788437179326,1,false,1,R,30.7201,17.7997,22.7537,-1.0000,872.0000,28.0000,1.0000,false,3.0000,0.0000,2.3790,0.0571,0,,,,,,0
session_1788437179326,1,false,2,R,22.7537,12.3409,12.3409,50.0000,,,0.0000,false,53.0000,0.0000,2.9520,0.0978,20,,,,,,1
session_1788437179326,1,false,3,L,12.3409,12.2805,19.4175,1.0000,,,0.0000,false,3.0000,0.8238,1.5660,0.0978,4,,,,,,0
session_1788437179326,1,false,4,R,66.4653,66.4653,80.1283,-60.0000,,,0.0000,false,0.0000,1.0000,4.5560,0.0203,0,,,,,,1
session_1788437179326,1,false,5,R,80.3364,80.3364,82.2642,-61.5000,,,0.0000,false,0.5000,1.0000,2.2320,0.0080,0,,,,,,1
session_1788437179326,1,false,6,L,83.3613,83.3613,83.4685,-12.0000,,,0.0000,false,0.0000,1.0000,0.1780,0.0041,0,,,,,,1
session_1788437179326,1,false,7,R,25.2156,24.7244,39.9923,-16.0000,,,0.0000,false,8.0000,0.0000,2.3350,0.0453,0,,,,,,0
session_1788437179326,1,false,8,L,49.5422,49.5422,54.4563,-9.5000,,,0.0000,false,0.5000,1.0000,0.6030,0.0106,0,,,,,,0
session_1788437179326,1,false,9,R,66.4605,44.5855,60.8604,-73.9995,2427.0000,2.5000,1.0000,false,0.0005,0.0000,4.0150,0.1151,0,,,,,,1
session_1788437179326,1,false,10,L,67.0853,67.0853,70.0067,-28.9995,,,0.0000,false,0.0005,1.0000,0.5200,0.0087,0,,,,,,1
session_1788437179326,1,false,11,R,72.6556,37.4640,38.4604,24.5005,2781.0000,-0.5005,1.0000,true,25.5005,0.0000,1.4890,0.0383,0,,,,,,1
session_1788437179326,1,false,12,L,62.3419,62.3419,64.5035,-14.9995,,,0.0000,false,0.0005,1.0000,0.3280,0.0010,0,,,,,,1
session_1788437179326,1,false,13,L,80.6185,80.6185,81.0763,-15.9995,,,0.0000,false,0.0005,1.0000,0.2830,0.0013,0,,,,,,1
session_1788437179326,1,false,14,R,84.5237,67.8401,67.8401,56.5005,,,0.0000,false,-0.4995,0.0000,0.9090,0.0027,0,,,,,,1
session_1788437179326,1,false,15,L,77.1897,77.1897,77.8957,-14.0000,,,0.0000,false,0.0000,1.0000,0.2730,0.0103,0,,,,,,1
session_1788437179326,1,false,16,R,83.6690,83.6690,83.9790,-32.0000,,,0.0000,false,0.0000,1.0000,0.4190,0.0028,0,,,,,,1
session_1788437179326,1,false,17,R,71.6783,42.7910,48.6574,22.5000,5003.0000,41.5000,1.0000,true,25.5000,0.0000,2.0390,0.0896,0,,,,,,1
session_1788437179326,1,false,18,R,48.6574,48.6574,70.6164,0.0000,,,0.0000,false,0.0000,1.0000,4.0600,0.1368,0,,,,,,0
session_1788437179326,1,false,19,L,77.4892,77.4892,78.0067,-14.9995,,,0.0000,false,0.0005,1.0000,0.1950,0.0043,0,,,,,,1
session_1788437179326,2,true,0,L,85.7890,85.7890,85.8255,-14.0000,,,0.0000,false,0.0000,1.0000,0.1740,0.0016,0,,,,,,1
session_1788437179326,2,true,1,R,33.4799,15.8988,20.1125,1.0000,880.0000,20.0000,1.0000,false,16.0000,0.0000,2.4540,0.0781,0,,,,,,0
session_1788437179326,2,true,2,R,20.1125,15.7113,26.1363,20.0000,,,0.0000,false,0.0000,0.0000,2.6300,0.0816,0,,,,,,1
session_1788437179326,2,true,3,L,26.1363,26.1363,33.5410,0.0000,,,0.0000,false,0.0000,1.0000,0.6760,0.0158,0,,,,,,0
session_1788437179326,2,true,4,R,69.6443,69.6443,80.6511,-60.0000,,,0.0000,false,0.0000,0.1410,4.4610,0.0207,0,,,,,,1
session_1788437179326,2,true,5,R,80.9464,80.9464,82.3384,-61.5000,,,0.0000,false,0.5000,1.0000,2.2100,0.0312,0,,,,,,1
session_1788437179326,2,true,6,L,83.4398,83.4398,83.5756,-12.0000,,,0.0000,false,0.0000,1.0000,0.2070,0.0006,0,,,,,,1
session_1788437179326,2,true,7,R,32.6083,26.2613,40.4560,-7.0000,2161.0000,-2.0000,1.0000,false,11.0000,0.0000,2.2730,0.0597,0,,,,,,1
session_1788437179326,2,true,8,L,50.0297,50.0297,54.9694,-9.5000,,,0.0000,false,0.5000,0.4276,0.5980,0.0057,0,,,,,,0
session_1788437179326,2,true,9,R,64.0884,40.6994,59.9035,-77.9995,2418.0000,11.5000,1.0000,false,0.0005,0.0000,4.1050,0.1246,0,,,,,,1
session_1788437179326,2,true,10,L,66.1488,66.1488,69.3013,-28.9995,,,0.0000,false,0.0005,1.0000,0.5400,0.0066,0,,,,,,1
session_1788437179326,2,true,11,R,72.1179,40.5098,40.5098,30.5005,2787.0000,-6.5005,1.0000,true,66.5005,0.0000,1.3930,0.0570,0,,,,,,2
session_1788437179326,2,true,12,L,61.4672,61.4672,63.7393,-14.9995,,,0.0000,false,0.0005,1.0000,0.3430,0.0017,0,,,,,,1
session_1788437179326,2,true,13,L,80.4607,80.4607,80.9175,-15.9995,,,0.0000,false,0.0005,1.0000,0.2810,0.0068,0,,,,,,1
session_1788437179326,2,true,14,R,84.5312,70.1293,70.1293,56.5005,,,0.0000,false,-0.4995,0.0000,0.9070,0.0016,0,,,,,,1
session_1788437179326,2,true,15,L,77.0196,77.0196,77.8447,-14.0000,,,0.0000,false,0.0000,1.0000,0.2810,0.0013,0,,,,,,1
session_1788437179326,2,true,16,R,83.8626,83.8626,84.1824,-32.0000,,,0.0000,false,0.0000,1.0000,0.4160,0.0004,0,,,,,,1
session_1788437179326,2,true,17,R,77.5001,39.2513,42.4628,42.5000,5024.0000,20.5000,1.0000,true,45.5000,0.0000,1.9480,0.1124,0,,,,,,2
session_1788437179326,2,true,18,R,42.4628,42.4628,68.3864,0.0000,,,0.0000,false,0.0000,0.0000,4.3470,0.1438,0,,,,,,0
session_1788437179326,2,true,19,L,76.6336,76.6336,77.1754,-14.9995,,,0.0000,false,0.0005,1.0000,0.1960,0.0057,0,,,,,,1
session_1788437179326,3,true,0,L,85.8068,85.8068,85.8434,-14.0000,,,0.0000,false,0.0000,1.0000,0.1780,0.0022,0,,,,,,1
session_1788437179326,3,true,1,R,27.2764,15.8252,16.7374,-9.0000,890.0000,10.0000,1.0000,false,19.0000,0.0000,2.6370,0.0707,0,,,,,,1
session_1788437179326,3,true,2,R,16.7374,15.8801,25.3004,23.0000,,,0.0000,false,1.0000,0.0000,2.7490,0.0752,0,,,,,,0
session_1788437179326,3,true,3,L,25.3004,25.3004,32.8035,0.0000,,,0.0000,false,0.0000,1.0000,0.6930,0.0162,0,,,,,,0
session_1788437179326,3,true,4,R,69.3656,69.3656,80.4626,-60.0000,,,0.0000,false,0.0000,0.1820,4.4720,0.0209,0,,,,,,1
session_1788437179326,3,true,5,R,80.7006,80.7006,82.4690,-61.5000,,,0.0000,false,0.5000,1.0000,2.2410,0.0206,0,,,,,,1
session_1788437179326,3,true,6,L,83.5408,83.5408,83.6103,-12.0000,,,0.0000,false,0.0000,1.0000,0.1950,0.0118,0,,,,,,1
session_1788437179326,3,true,7,R,21.2983,21.2502,37.6440,-19.0000,,,0.0000,false,5.0000,0.0000,2.7590,0.0268,0,,,,,,1
session_1788437179326,3,true,8,L,48.1588,48.1588,53.4025,-9.5000,,,0.0000,false,0.5000,1.0000,0.6160,0.0033,0,,,,,,0
session_1788437179326,3,true,9,R,67.5753,47.0108,61.6040,-66.9995,2428.0000,1.5000,1.0000,false,12.0005,0.0000,3.8770,0.0574,0,,,,,,1
session_1788437179326,3,true,10,L,67.4449,67.4449,70.3749,-28.9995,,,0.0000,false,0.0005,1.0000,0.5310,0.0079,0,,,,,,1
session_1788437179326,3,true,11,R,73.0517,39.9245,39.9245,30.5005,2781.0000,-0.5005,1.0000,true,50.5005,0.0000,1.4250,0.0418,0,,,,,,2
session_1788437179326,3,true,12,L,62.7950,62.7950,64.8928,-14.9995,,,0.0000,false,0.0005,1.0000,0.3220,0.0018,0,,,,,,1
session_1788437179326,3,true,13,L,80.7228,80.7228,81.1888,-15.9995,,,0.0000,false,0.0005,1.0000,0.2900,0.0007,0,,,,,,1
session_1788437179326,3,true,14,R,84.5770,68.4861,68.4861,56.5005,,,0.0000,false,-0.4995,0.0000,0.9050,0.0067,0,,,,,,1
session_1788437179326,3,true,15,L,75.4678,75.4678,76.3637,-14.0000,,,0.0000,false,0.0000,1.0000,0.2730,0.0026,0,,,,,,1
session_1788437179326,3,true,16,R,83.4963,83.4963,83.8500,-32.0000,,,0.0000,false,0.0000,1.0000,0.4070,0.0003,0,,,,,,1
session_1788437179326,3,true,17,R,75.4698,42.8611,46.2732,31.5000,5019.0000,25.5000,1.0000,true,33.5000,0.0000,1.9330,0.1061,0,,,,,,2
session_1788437179326,3,true,18,R,46.2732,46.2732,68.6885,0.0000,,,0.0000,false,23.0000,0.0000,4.2290,0.1364,0,,,,,,0
session_1788437179326,3,true,19,L,76.7727,76.7727,77.3609,-14.9995,,,0.0000,false,0.0005,1.0000,0.2010,0.0007,0,,,,,,1
session_1788437179326,4,false,0,L,85.8342,85.8342,85.8716,-14.0000,,,0.0000,false,0.0000,1.0000,0.1780,0.0003,0,,,,,,0
session_1788437179326,4,false,1,R,46.4495,18.4766,20.5004,10.0000,870.0000,30.0000,1.0000,true,,0.0000,3.4900,0.0165,1,,,,,,0
session_1788437179326,4,false,2,R,20.5004,20.5004,20.5030,0.0000,,,0.0000,false,,0.4620,0.0210,0.0110,0,,,,,,1
session_1788437179326,4,false,3,L,20.5030,20.5030,20.5041,0.0000,,,0.0000,false,142.0000,0.4395,0.0080,0.0113,0,,,,,,0
session_1788437179326,4,false,4,R,52.0272,52.0272,77.1006,-60.0000,,,0.0000,false,0.0000,0.3728,5.0510,0.0185,0,,,,,,1
session_1788437179326,4,false,5,R,77.7493,77.7493,81.0020,-61.5000,,,0.0000,false,0.5000,0.0929,2.2730,0.0202,0,,,,,,1
session_1788437179326,4,false,6,L,82.5243,82.5243,82.6446,-12.0000,,,0.0000,false,0.0000,1.0000,0.1930,0.0104,0,,,,,,1
session_1788437179326,4,false,7,R,25.0671,25.0671,39.6054,-20.0000,,,0.0000,false,8.0000,0.5384,2.3940,0.0158,0,,,,,,1
session_1788437179326,4,false,8,L,49.1733,49.1733,54.0592,-9.5000,,,0.0000,false,0.5000,1.0000,0.6020,0.0097,0,,,,,,0
session_1788437179326,4,false,9,R,67.0446,42.4203,55.8816,-35.9995,2428.0000,1.5000,1.0000,false,16.0005,0.0000,4.3020,0.0661,0,,,,,,0
session_1788437179326,4,false,10,L,63.1256,63.1256,66.6516,-28.9995,,,0.0000,false,0.0005,1.0000,0.5620,0.0060,0,,,,,,0
session_1788437179326,4,false,11,R,68.7897,37.5967,38.5727,19.5005,2777.0000,3.4995,1.0000,true,35.5005,0.0000,1.5810,0.0209,0,,,,,,1
session_1788437179326,4,false,12,L,64.2791,64.2791,66.3260,-14.9995,,,0.0000,false,0.0005,1.0000,0.3230,0.0020,0,,,,,,1
session_1788437179326,4,false,13,L,81.0116,81.0116,81.4276,-15.9995,,,0.0000,false,0.0005,1.0000,0.2800,0.0038,0,,,,,,1
session_1788437179326,4,false,14,R,84.6294,76.8488,76.8488,56.5005,,,0.0000,false,-0.4995,0.0000,0.8780,0.0036,0,,,,,,0
session_1788437179326,4,false,15,L,76.6551,76.6551,77.4752,-14.0000,,,0.0000,false,0.0000,1.0000,0.2730,0.0009,0,,,,,,0
session_1788437179326,4,false,16,R,83.6808,83.6808,83.9990,-32.0000,,,0.0000,false,0.0000,1.0000,0.4210,0.0049,0,,,,,,0
session_1788437179326,4,false,17,R,75.8743,40.7757,40.7757,65.5000,5022.0000,22.5000,1.0000,true,81.5000,0.0000,2.0080,0.0892,0,,,,,,2
session_1788437179326,4,false,18,R,40.7757,40.3884,66.7382,8.0000,,,0.0000,false,16.0000,0.0858,4.6190,0.0773,0,,,,,,0
session_1788437179326,4,false,19,L,75.9464,75.9464,76.5553,-14.9995,,,0.0000,false,0.0005,1.0000,0.1970,0.0007,0,,,,,,0
session_1788437179326,5,true,0,L,85.7552,85.7552,85.7960,-14.0000,,,0.0000,false,0.0000,1.0000,0.1750,0.0015,0,,,,,,0
session_1788437179326,5,true,1,R,36.9167,17.0246,18.4622,3.0000,793.0000,107.0000,1.0000,false,50.0000,0.0000,2.4230,0.0671,0,,,,,,1
session_1788437179326,5,true,2,R,18.4622,18.3073,24.9432,30.0000,,,0.0000,false,32.0000,0.0000,2.5270,0.0466,0,,,,,,1
session_1788437179326,5,true,3,L,24.9432,24.9432,32.6605,0.0000,,,0.0000,false,0.0000,1.0000,0.7110,0.0078,0,,,,,,0
session_1788437179326,5,true,4,R,69.0271,69.0271,80.4412,-60.0000,,,0.0000,false,0.0000,0.0325,4.4590,0.0164,0,,,,,,0
session_1788437179326,5,true,5,R,80.7853,80.7853,82.2618,-61.5000,,,0.0000,false,0.5000,1.0000,2.2170,0.0255,0,,,,,,0
session_1788437179326,5,true,6,L,83.2609,83.2609,83.3896,-12.0000,,,0.0000,false,0.0000,1.0000,0.1780,0.0008,0,,,,,,0
session_1788437179326,5,true,7,R,28.9027,28.6932,43.1297,-14.0000,,,0.0000,false,11.0000,0.2471,2.1040,0.0288,0,,,,,,1
session_1788437179326,5,true,8,L,51.9469,51.9469,56.7592,-9.5000,,,0.0000,false,0.5000,1.0000,0.5840,0.0029,0,,,,,,1
session_1788437179326,5,true,9,R,67.7512,43.6911,62.2697,-73.9995,2424.0000,5.5000,1.0000,false,9.0005,0.0000,3.9390,0.0494,0,,,,,,1
session_1788437179326,5,true,10,L,67.9975,67.9975,70.7339,-28.9995,,,0.0000,false,0.0005,1.0000,0.5140,0.0066,0,,,,,,0
session_1788437179326,5,true,11,R,73.3267,42.6584,43.1616,25.5005,2783.0000,-2.5005,1.0000,true,28.5005,0.0000,1.3870,0.0443,0,,,,,,0
session_1788437179326,5,true,12,L,63.2790,63.2790,65.4062,-14.9995,,,0.0000,false,0.0005,1.0000,0.3340,0.0022,0,,,,,,0
session_1788437179326,5,true,13,L,80.8090,80.8090,81.2584,-15.9995,,,0.0000,false,0.0005,1.0000,0.2820,0.0002,0,,,,,,0
session_1788437179326,5,true,14,R,84.5935,82.2118,82.2118,56.5005,,,0.0000,false,-0.4995,0.0505,0.8650,0.0079,0,,,,,,0
session_1788437179326,5,true,15,L,77.5856,77.5856,78.2923,-14.0000,,,0.0000,false,0.0000,1.0000,0.2720,0.0073,0,,,,,,0
session_1788437179326,5,true,16,R,83.8989,83.8989,84.2061,-32.0000,,,0.0000,false,0.0000,1.0000,0.4130,0.0002,0,,,,,,0
session_1788437179326,5,true,17,R,75.8727,44.9172,47.6915,30.5000,5019.0000,25.5000,1.0000,true,89.5000,0.0000,1.9300,0.0272,0,,,,,,0
session_1788437179326,5,true,18,R,47.6915,47.6915,68.7681,0.0000,,,0.0000,false,24.0000,0.2328,4.2050,0.1495,0,,,,,,0
session_1788437179326,5,true,19,L,76.7858,76.7858,77.3407,-14.9995,,,0.0000,false,0.0005,1.0000,0.1940,0.0004,0,,,,,,0
session_1788437179326,6,false,0,L,85.8289,85.8289,85.8553,-14.0000,,,0.0000,false,0.0000,1.0000,0.1640,0.0044,0,,,,,,0
session_1788437179326,6,false,1,R,32.5132,20.0353,20.1878,13.0000,896.0000,4.0000,1.0000,false,47.0000,0.0000,2.2030,0.0362,0,,,,,,1
session_1788437179326,6,false,2,R,20.1878,18.5681,26.1620,14.0000,,,0.0000,false,29.0000,0.0000,2.4190,0.0514,0,,,,,,0
session_1788437179326,6,false,3,L,26.1620,26.1620,33.7440,0.0000,,,0.0000,false,0.0000,1.0000,0.6760,0.0112,0,,,,,,0
session_1788437179326,6,false,4,R,69.5773,69.5773,80.6435,-60.0000,,,0.0000,false,0.0000,0.0304,4.4660,0.0216,0,,,,,,0
session_1788437179326,6,false,5,R,80.8931,80.8931,82.7784,-61.5000,,,0.0000,false,0.5000,1.0000,2.2180,0.0088,0,,,,,,0
session_1788437179326,6,false,6,L,83.8127,83.8107,83.9026,-11.0000,,,0.0000,false,0.0000,1.0000,0.1950,0.0070,0,,,,,,0
session_1788437179326,6,false,7,R,18.4605,8.1220,8.1220,51.0000,,,0.0000,false,65.0000,0.0000,3.8620,0.0289,22,,,,,,1
session_1788437179326,6,false,8,L,25.5958,25.5958,36.6304,-9.5000,,,0.0000,false,0.5000,1.0000,0.9980,0.0007,0,,,,,,1
session_1788437179326,6,false,9,R,58.3503,45.0316,56.3237,-36.9995,2444.0000,-14.5000,1.0000,false,33.0005,0.0000,4.1920,0.0555,0,,,,,,1
session_1788437179326,6,false,10,L,63.1131,63.1131,66.6104,-28.9995,,,0.0000,false,0.0005,1.0000,0.5600,0.0025,0,,,,,,0
session_1788437179326,6,false,11,R,70.2463,45.5619,45.6232,20.5005,2781.0000,-0.5005,1.0000,true,47.5005,0.0000,1.4090,0.0268,0,,,,,,1
session_1788437179326,6,false,12,L,65.0267,65.0267,66.9235,-14.9995,,,0.0000,false,0.0005,1.0000,0.3150,0.0095,0,,,,,,0
session_1788437179326,6,false,13,L,80.5767,80.5767,81.0470,-15.9995,,,0.0000,false,0.0005,1.0000,0.2800,0.0004,0,,,,,,0
session_1788437179326,6,false,14,R,84.4937,79.8504,79.8504,56.5005,,,0.0000,false,-0.4995,0.0000,0.8600,0.0094,0,,,,,,0
session_1788437179326,6,false,15,L,77.3130,77.3130,78.0738,-14.0000,,,0.0000,false,0.0000,1.0000,0.2660,0.0036,0,,,,,,0
session_1788437179326,6,false,16,R,83.4964,83.4964,83.8436,-32.0000,,,0.0000,false,0.0000,1.0000,0.4250,0.0094,0,,,,,,0
session_1788437179326,6,false,17,R,62.9159,40.6686,44.6853,17.5000,4992.0000,52.5000,1.0000,true,84.5000,0.0000,2.2570,0.0268,0,,,,,,0
session_1788437179326,6,false,18,R,44.6853,44.6853,68.4630,0.0000,,,0.0000,false,19.0000,0.0334,4.2540,0.1464,0,,,,,,1
session_1788437179326,6,false,19,L,76.5262,76.5262,77.1115,-14.9995,,,0.0000,false,0.0005,1.0000,0.1990,0.0012,0,,,,,,0
session_1788437179326,7,false,0,L,85.7935,85.7935,85.8324,-14.0000,,,0.0000,false,0.0000,1.0000,0.1750,0.0003,0,,,,,,0
session_1788437179326,7,false,1,R,28.5312,20.1854,20.7279,12.0000,789.0000,111.0000,1.0000,false,24.0000,0.0000,2.2350,0.0372,0,,,,,,1
session_1788437179326,7,false,2,R,20.7279,19.5334,26.5824,30.0000,,,0.0000,false,6.0000,0.0000,2.3270,0.0333,0,,,,,,0
session_1788437179326,7,false,3,L,26.5824,26.5824,32.7765,0.0000,,,0.0000,false,0.0000,1.0000,0.6620,0.0184,0,,,,,,0
session_1788437179326,7,false,4,R,69.1684,69.1684,80.4659,-60.0000,,,0.0000,false,0.0000,0.0537,4.4710,0.0256,0,,,,,,0
session_1788437179326,7,false,5,R,80.7446,80.7446,82.7241,-61.5000,,,0.0000,false,0.5000,1.0000,2.2170,0.0087,0,,,,,,0
session_1788437179326,7,false,6,L,83.7808,83.7808,83.8959,-12.0000,,,0.0000,false,0.0000,1.0000,0.1950,0.0038,0,,,,,,0
session_1788437179326,7,false,7,R,13.8129,13.8129,38.9037,-20.0000,,,0.0000,false,0.0000,0.2141,2.9490,0.0414,0,,,,,,0
session_1788437179326,7,false,8,L,49.4588,49.4588,54.6397,-9.5000,,,0.0000,false,0.5000,0.1743,0.6000,0.0042,0,,,,,,1
session_1788437179326,7,false,9,R,68.4897,48.1760,61.2094,-60.9995,2438.0000,-8.5000,1.0000,false,0.0005,0.0000,3.8330,0.0432,0,,,,,,1
session_1788437179326,7,false,10,L,67.1426,67.1426,70.0686,-28.9995,,,0.0000,false,0.0005,1.0000,0.5210,0.0034,0,,,,,,0
session_1788437179326,7,false,11,R,72.7758,46.2261,46.3917,26.5005,2784.0000,-3.5005,1.0000,true,33.5005,0.0000,1.3620,0.0323,0,,,,,,1
session_1788437179326,7,false,12,L,63.5578,63.5578,65.5635,-14.9995,,,0.0000,false,0.0005,1.0000,0.3210,0.0100,0,,,,,,0
session_1788437179326,7,false,13,L,80.7701,80.7701,81.2277,-15.9995,,,0.0000,false,0.0005,1.0000,0.2850,0.0059,0,,,,,,0
session_1788437179326,7,false,14,R,84.6387,71.4644,71.4644,56.5005,,,0.0000,false,-0.4995,0.0000,0.8930,0.0028,0,,,,,,0
session_1788437179326,7,false,15,L,76.3717,76.3717,77.2284,-14.0000,,,0.0000,false,0.0000,1.0000,0.2780,0.0011,0,,,,,,0
session_1788437179326,7,false,16,R,83.7157,83.7157,84.0546,-32.0000,,,0.0000,false,0.0000,1.0000,0.4170,0.0007,0,,,,,,0
session_1788437179326,7,false,17,R,78.5174,54.4056,54.4423,29.5000,5027.0000,17.5000,1.0000,true,104.5000,0.0000,1.7160,0.0517,0,,,,,,0
session_1788437179326,7,false,18,R,54.4423,51.3993,68.8480,38.0000,,,0.0000,false,39.0000,0.0000,4.1350,0.0366,0,,,,,,2
session_1788437179326,7,false,19,L,76.8618,76.8618,77.4451,-14.9995,,,0.0000,false,0.0005,1.0000,0.1970,0.0020,0,,,,,,0
session_1788437179326,8,true,0,L,85.8708,85.8708,85.9037,-14.0000,,,0.0000,false,0.0000,1.0000,0.1620,0.0003,0,,,,,,0
session_1788437179326,8,true,1,R,30.3145,20.2442,22.2616,4.0000,905.0000,-5.0000,1.0000,false,48.0000,0.0000,2.1150,0.0355,0,,,,,,0
session_1788437179326,8,true,2,R,22.2616,18.1904,26.3672,24.0000,,,0.0000,false,30.0000,0.0000,2.5650,0.0532,0,,,,,,0
session_1788437179326,8,true,3,L,26.3672,26.3672,33.2901,0.0000,,,0.0000,false,0.0000,1.0000,0.6560,0.0179,0,,,,,,0
session_1788437179326,8,true,4,R,69.4311,69.4311,80.6678,-60.0000,,,0.0000,false,0.0000,0.0256,4.4490,0.0246,0,,,,,,0
session_1788437179326,8,true,5,R,80.9399,80.9399,81.9683,-61.5000,,,0.0000,false,0.5000,1.0000,2.2230,0.0280,0,,,,,,0
session_1788437179326,8,true,6,L,83.2564,83.2564,83.3526,-12.0000,,,0.0000,false,0.0000,1.0000,0.2050,0.0082,0,,,,,,0
session_1788437179326,8,true,7,R,28.8863,28.8863,39.3815,-20.0000,,,0.0000,false,15.0000,0.0000,2.2210,0.0558,0,,,,,,0
session_1788437179326,8,true,8,L,48.8950,48.8950,53.9258,-9.5000,,,0.0000,false,0.5000,1.0000,0.6130,0.0028,0,,,,,,1
session_1788437179326,8,true,9,R,67.8332,47.7556,54.2144,27.0005,2431.0000,-1.5000,1.0000,false,30.0005,0.0000,4.0320,0.0350,0,,,,,,2
session_1788437179326,8,true,10,L,61.8744,61.8744,65.5514,-28.9995,,,0.0000,false,0.0005,1.0000,0.5600,0.0013,0,,,,,,0
session_1788437179326,8,true,11,R,69.4902,46.5257,47.3452,14.5005,2789.0000,-8.5005,1.0000,true,63.5005,0.0000,1.3650,0.0454,0,,,,,,1
session_1788437179326,8,true,12,L,64.2942,64.2942,66.2522,-14.9995,,,0.0000,false,0.0005,1.0000,0.3210,0.0107,0,,,,,,0
session_1788437179326,8,true,13,L,81.0044,81.0044,81.4485,-15.9995,,,0.0000,false,0.0005,1.0000,0.2810,0.0018,0,,,,,,0
session_1788437179326,8,true,14,R,84.7092,65.5316,65.5316,56.5005,,,0.0000,false,,0.0000,0.9250,0.0041,0,,,,,,1
session_1788437179326,8,true,15,L,75.3185,75.3185,76.2201,-14.0000,,,0.0000,false,0.0000,1.0000,0.2710,0.0005,0,,,,,,0
session_1788437179326,8,true,16,R,83.3983,83.3983,83.7645,-32.0000,,,0.0000,false,0.0000,1.0000,0.4210,0.0002,0,,,,,,0
session_1788437179326,8,true,17,R,69.2966,42.5584,44.4040,22.5000,5008.0000,36.5000,1.0000,true,96.5000,0.0000,2.0990,0.0211,0,,,,,,0
session_1788437179326,8,true,18,R,44.4040,44.4040,69.0934,0.0000,,,0.0000,false,31.0000,0.0202,4.2420,0.0573,0,,,,,,0
session_1788437179326,8,true,19,L,76.7846,76.7846,77.3421,-14.9995,,,0.0000,false,0.0005,1.0000,0.2020,0.0075,0,,,,,,0
session_1788437179326,9,false,0,L,85.6438,85.6438,85.6894,-14.0000,,,0.0000,false,0.0000,1.0000,0.1720,0.0001,0,,,,,,0
session_1788437179326,9,false,1,R,36.4919,17.3388,19.1120,5.0000,804.0000,96.0000,1.0000,false,39.0000,0.0000,2.3610,0.0572,0,,,,,,1
session_1788437179326,9,false,2,R,19.1120,18.5184,28.3259,19.0000,,,0.0000,false,21.0000,0.0000,2.3950,0.0535,0,,,,,,0
session_1788437179326,9,false,3,L,28.3259,28.3259,35.7094,0.0000,,,0.0000,false,0.0000,1.0000,0.6270,0.0067,0,,,,,,0
session_1788437179326,9,false,4,R,69.7848,69.7848,80.5519,-60.0000,,,0.0000,false,0.0000,0.0220,4.4230,0.0249,0,,,,,,0
session_1788437179326,9,false,5,R,80.9040,80.9040,82.7835,-61.5000,,,0.0000,false,0.5000,1.0000,2.2020,0.0086,0,,,,,,0
session_1788437179326,9,false,6,L,83.8466,83.8466,83.9336,-12.0000,,,0.0000,false,0.0000,1.0000,0.1770,0.0052,0,,,,,,0
session_1788437179326,9,false,7,R,27.2558,27.2558,39.7041,-20.0000,,,0.0000,false,9.0000,0.5401,2.3180,0.0470,0,,,,,,0
session_1788437179326,9,false,8,L,49.2440,49.2440,54.2192,-9.5000,,,0.0000,false,0.5000,0.0524,0.6060,0.0038,0,,,,,,1
session_1788437179326,9,false,9,R,68.0365,49.1651,51.3605,54.0005,2434.0000,-4.5000,1.0000,false,57.0005,0.0000,3.8780,0.0946,0,,,,,,2
session_1788437179326,9,false,10,L,52.9154,47.8170,47.8170,7.0005,,,0.0000,false,89.0005,0.0000,0.7100,0.4913,37,,,,,,1
session_1788437179326,9,false,11,R,37.1322,16.6254,24.9062,-12.4995,,,0.0000,false,-0.4995,0.0000,3.4100,0.9444,0,,,,,,0
session_1788437179326,9,false,12,L,60.3269,60.3269,62.4101,-14.9995,,,0.0000,false,0.0005,0.0000,0.3370,0.0044,0,,,,,,0
session_1788437179326,9,false,13,L,79.8905,79.8905,80.3272,-15.9995,,,0.0000,false,2.0005,0.1143,0.2940,0.0092,0,,,,,,0
session_1788437179326,9,false,14,R,82.9533,82.9533,83.4618,-16.4995,,,0.0000,false,-0.4995,0.7823,0.8770,0.0067,0,,,,,,0
session_1788437179326,9,false,15,L,75.2665,75.2665,76.1848,-14.0000,,,0.0000,false,0.0000,1.0000,0.2800,0.0034,0,,,,,,0
session_1788437179326,9,false,16,R,83.2940,83.2940,83.6503,-32.0000,,,0.0000,false,0.0000,1.0000,0.4150,0.0028,0,,,,,,0
session_1788437179326,9,false,17,R,72.4147,44.9307,45.0175,62.5000,5013.0000,31.5000,1.0000,true,64.5000,0.0000,1.9670,0.0602,0,,,,,,0
session_1788437179326,9,false,18,R,45.0175,45.0175,69.3262,0.0000,,,0.0000,false,0.0000,1.0000,4.2170,0.0739,0,,,,,,0
session_1788437179326,9,false,19,L,76.5589,76.5589,77.1343,-14.9995,,,0.0000,false,0.0005,1.0000,0.1970,0.0012,0,,,,,,0
session_1788437179326,10,false,0,L,85.7892,85.7892,85.8308,-14.0000,,,0.0000,false,0.0000,1.0000,0.1780,0.0003,0,,,,,,0
session_1788437179326,10,false,1,R,43.0304,7.8866,13.5129,4.0000,812.0000,88.0000,1.0000,true,139.0000,0.0000,5.9130,0.1283,1,,,,,,1
session_1788437179326,10,false,2,R,13.5129,13.5129,13.5684,0.0000,,,0.0000,false,121.0000,0.6755,0.0400,0.0534,0,,,,,,0
session_1788437179326,10,false,3,L,13.5684,13.5684,13.5906,0.0000,,,0.0000,false,71.0000,0.6745,0.0150,0.0546,0,,,,,,0
session_1788437179326,10,false,4,R,60.5098,60.5098,78.6033,-60.0000,,,0.0000,false,0.0000,1.0000,4.7610,0.0165,0,,,,,,0
session_1788437179326,10,false,5,R,79.1465,79.1465,81.5611,-61.5000,,,0.0000,false,0.5000,0.3299,2.2520,0.0097,0,,,,,,0
session_1788437179326,10,false,6,L,82.3105,81.9237,82.0849,-6.0000,,,0.0000,false,0.0000,1.0000,0.1980,0.0382,0,,,,,,0
session_1788437179326,10,false,7,R,10.6573,10.6573,14.6347,-20.0000,,,0.0000,false,9.0000,0.0000,4.9370,0.0935,19,,,,,,0
session_1788437179326,10,false,8,L,31.2722,31.2722,41.1411,-9.5000,,,0.0000,false,3.5000,0.2122,0.8590,0.0151,0,,,,,,0
session_1788437179326,10,false,9,R,62.0344,26.8929,26.8929,87.0005,2514.0000,-84.5000,1.0000,false,97.0005,0.0000,4.5050,0.2569,56,,,,,,1
session_1788437179326,10,false,10,L,34.0110,34.0110,42.7108,-28.9995,,,0.0000,false,,0.1808,0.9310,0.0123,0,,,,,,0
session_1788437179326,10,false,11,R,47.4304,43.1607,43.1607,30.5005,,,0.0000,false,79.5005,0.0000,1.6360,0.0341,0,,,,,,1
session_1788437179326,10,false,12,L,59.9713,59.9713,62.2575,-14.9995,,,0.0000,false,0.0005,0.1768,0.3490,0.0020,0,,,,,,0
session_1788437179326,10,false,13,L,80.1339,80.1339,80.5078,-15.9995,,,0.0000,false,0.0005,1.0000,0.2880,0.0011,0,,,,,,0
session_1788437179326,10,false,14,R,75.3990,60.3951,60.3951,56.5005,,,0.0000,false,,0.0000,1.0360,0.0049,0,,,,,,0
session_1788437179326,10,false,15,L,69.1214,69.1214,69.1972,-14.0000,,,0.0000,false,141.0000,0.6706,0.3000,0.0009,0,,,,,,0
session_1788437179326,10,false,16,R,78.0933,78.0933,79.2276,-32.0000,,,0.0000,false,0.0000,1.0000,0.4420,0.0003,0,,,,,,0
session_1788437179326,10,false,17,R,44.6260,37.0294,43.4281,1.5000,5033.0000,11.5000,0.9877,false,6.5000,0.0000,2.5920,0.0219,0,,,,,,0
session_1788437179326,10,false,18,R,43.4281,43.4281,69.2052,0.0000,,,0.0000,false,9.0000,0.2291,4.3170,0.1093,0,,,,,,1
session_1788437179326,10,false,19,L,77.0649,77.0649,77.6668,-14.9995,,,0.0000,false,0.0005,1.0000,0.2090,0.0007,0,,,,,,0
session_1788437179326,11,true,0,L,85.8334,85.7569,85.7569,1.0000,,,0.0000,false,0.0000,1.0000,0.1860,0.0186,0,,,,,,0
session_1788437179326,11,true,1,R,36.5233,15.1072,17.2365,8.0000,889.0000,11.0000,1.0000,false,14.0000,0.0000,2.5730,0.0790,0,,,,,,0
session_1788437179326,11,true,2,R,17.2365,16.2249,25.6224,19.0000,,,0.0000,false,25.0000,0.0000,2.5970,0.0701,0,,,,,,0
session_1788437179326,11,true,3,L,25.6224,25.6224,33.2028,0.0000,,,0.0000,false,0.0000,1.0000,0.6770,0.0108,0,,,,,,0
session_1788437179326,11,true,4,R,69.5670,69.5670,80.6014,-60.0000,,,0.0000,false,0.0000,0.0377,4.4490,0.0226,0,,,,,,0
session_1788437179326,11,true,5,R,80.9190,80.9190,82.6779,-61.5000,,,0.0000,false,0.5000,1.0000,2.2240,0.0135,0,,,,,,0
session_1788437179326,11,true,6,L,83.7519,83.7519,83.8607,-12.0000,,,0.0000,false,0.0000,1.0000,0.2060,0.0049,0,,,,,,0
session_1788437179326,11,true,7,R,24.4863,24.3403,41.8761,-13.0000,,,0.0000,false,0.0000,0.2233,2.3130,0.0330,0,,,,,,0
session_1788437179326,11,true,8,L,51.0931,51.0931,55.9394,-9.5000,,,0.0000,false,0.5000,1.0000,0.5870,0.0003,0,,,,,,0
session_1788437179326,11,true,9,R,65.4954,45.6027,61.0746,-57.9995,2423.0000,6.5000,1.0000,false,0.0005,0.0000,3.9950,0.0527,0,,,,,,1
session_1788437179326,11,true,10,L,67.2244,67.2244,70.1684,-28.9995,,,0.0000,false,0.0005,1.0000,0.5340,0.0075,0,,,,,,0
session_1788437179326,11,true,11,R,72.6865,47.8764,47.8764,30.5005,2780.0000,0.4995,1.0000,true,78.5005,0.0000,1.3700,0.0260,0,,,,,,0
session_1788437179326,11,true,12,L,61.9913,61.9913,64.3033,-14.9995,,,0.0000,false,0.0005,1.0000,0.3440,0.0020,0,,,,,,0
session_1788437179326,11,true,13,L,80.5554,80.5554,80.9650,-15.9995,,,0.0000,false,0.0005,1.0000,0.2960,0.0102,0,,,,,,0
session_1788437179326,11,true,14,R,84.4936,81.7598,81.7598,56.5005,,,0.0000,false,-0.4995,0.0000,0.8670,0.0015,0,,,,,,0
session_1788437179326,11,true,15,L,77.5277,77.5277,78.2543,-14.0000,,,0.0000,false,0.0000,1.0000,0.2680,0.0092,0,,,,,,0
session_1788437179326,11,true,16,R,83.3779,83.3779,83.7327,-32.0000,,,0.0000,false,0.0000,1.0000,0.4130,0.0031,0,,,,,,0
session_1788437179326,11,true,17,R,68.5377,47.9791,48.8505,34.5000,5007.0000,37.5000,1.0000,false,37.5000,0.0000,1.9620,0.0409,0,,,,,,0
session_1788437179326,11,true,18,R,48.8505,48.7180,69.9233,10.0000,,,0.0000,false,20.0000,0.6565,4.0720,0.0421,0,,,,,,0
session_1788437179326,11,true,19,L,77.2808,77.2808,77.7744,-14.9995,,,0.0000,false,0.0005,1.0000,0.1890,0.0055,0,,,,,,0
session_1788437179326,12,true,0,L,85.8518,85.8518,85.8882,-14.0000,,,0.0000,false,0.0000,1.0000,0.1900,0.0033,0,,,,,,0
session_1788437179326,12,true,1,R,40.6391,11.9183,16.6126,7.0000,804.0000,96.0000,1.0000,true,6.0000,0.0000,2.7740,0.1169,0,,,,,,1
session_1788437179326,12,true,2,R,16.6126,16.6126,26.5840,0.0000,,,0.0000,false,0.0000,0.0000,2.4100,0.1218,0,,,,,,1
session_1788437179326,12,true,3,L,26.5840,26.5840,32.1148,0.0000,,,0.0000,false,0.0000,1.0000,0.6880,0.0466,0,,,,,,0
session_1788437179326,12,true,4,R,69.6047,69.6047,80.6625,-60.0000,,,0.0000,false,0.0000,0.0471,4.4350,0.0212,0,,,,,,0
session_1788437179326,12,true,5,R,80.8531,80.8531,82.6902,-61.5000,,,0.0000,false,0.5000,1.0000,2.2130,0.0170,0,,,,,,0
session_1788437179326,12,true,6,L,83.7999,83.7999,83.9253,-12.0000,,,0.0000,false,0.0000,1.0000,0.2040,0.0032,0,,,,,,0
session_1788437179326,12,true,7,R,30.1970,26.5320,38.8735,-7.0000,2160.0000,-1.0000,0.6417,false,0.0000,0.0000,2.3490,0.0532,0,,,,,,0
session_1788437179326,12,true,8,L,48.8535,48.8535,53.8284,-9.5000,,,0.0000,false,0.5000,0.1592,0.5980,0.0044,0,,,,,,0
session_1788437179326,12,true,9,R,67.8862,48.3202,56.1294,14.0005,2440.0000,-10.5000,1.0000,false,15.0005,0.0000,3.9620,0.0433,0,,,,,,2
session_1788437179326,12,true,10,L,63.4709,63.4709,66.8485,-28.9995,,,0.0000,false,0.0005,1.0000,0.5480,0.0113,0,,,,,,0
session_1788437179326,12,true,11,R,70.5091,48.6040,50.0192,13.5005,2784.0000,-3.5005,1.0000,true,17.5005,0.0000,1.3500,0.0420,0,,,,,,1
session_1788437179326,12,true,12,L,62.3422,62.3422,64.5032,-14.9995,,,0.0000,false,0.0005,1.0000,0.3270,0.0057,0,,,,,,0
session_1788437179326,12,true,13,L,80.1277,80.1277,80.4839,-15.9995,,,0.0000,false,0.0005,1.0000,0.2910,0.0038,0,,,,,,0
session_1788437179326,12,true,14,R,84.3854,77.6843,77.6843,56.5005,,,0.0000,false,-0.4995,0.0000,0.8680,0.0010,0,,,,,,0
session_1788437179326,12,true,15,L,77.3147,77.3147,78.0249,-14.0000,,,0.0000,false,0.0000,1.0000,0.2820,0.0008,0,,,,,,0
session_1788437179326,12,true,16,R,83.6728,83.6728,84.0023,-32.0000,,,0.0000,false,0.0000,1.0000,0.4140,0.0026,0,,,,,,0
session_1788437179326,12,true,17,R,66.8001,41.7505,44.6196,36.5000,5002.0000,42.5000,1.0000,true,35.5000,0.0000,2.1400,0.0986,0,,,,,,0
session_1788437179326,12,true,18,R,44.6196,44.6196,69.0061,0.0000,,,0.0000,false,0.0000,0.2941,4.2240,0.1186,0,,,,,,1
session_1788437179326,12,true,19,L,75.5811,75.5811,76.0987,-14.9995,,,0.0000,false,0.0005,1.0000,0.2020,0.0022,0,,,,,,0
session_1788437179326,13,true,0,L,85.3563,85.3563,85.4234,-14.0000,,,0.0000,false,0.0000,1.0000,0.1850,0.0001,0,,,,,,1
session_1788437179326,13,true,1,R,28.8187,19.2725,20.6941,-5.0000,905.0000,-5.0000,1.0000,false,52.0000,0.0000,2.2290,0.0571,0,,,,,,0
session_1788437179326,13,true,2,R,20.6941,18.7659,25.6267,24.0000,,,0.0000,false,34.0000,0.0000,2.4550,0.0445,0,,,,,,0
session_1788437179326,13,true,3,L,25.6267,25.6267,32.8791,0.0000,,,0.0000,false,6.0000,0.9334,0.6820,0.0187,0,,,,,,0
session_1788437179326,13,true,4,R,69.3752,69.3752,80.4882,-60.0000,,,0.0000,false,0.0000,0.0410,4.4650,0.0201,0,,,,,,0
session_1788437179326,13,true,5,R,80.7301,80.5622,82.3968,-57.5000,,,0.0000,false,0.5000,1.0000,2.2270,0.0216,0,,,,,,0
session_1788437179326,13,true,6,L,83.5487,83.5487,83.6558,-12.0000,,,0.0000,false,0.0000,1.0000,0.1930,0.0068,0,,,,,,0
session_1788437179326,13,true,7,R,28.3877,26.9893,40.4573,-5.0000,,,0.0000,false,0.0000,0.0000,2.2390,0.0611,0,,,,,,0
session_1788437179326,13,true,8,L,49.8945,49.8945,54.8315,-9.5000,,,0.0000,false,0.5000,0.2311,0.5970,0.0032,0,,,,,,0
session_1788437179326,13,true,9,R,67.0584,50.6493,55.9525,-56.9995,2451.0000,-21.5000,1.0000,false,45.0005,0.0000,3.7950,0.0513,0,,,,,,0
session_1788437179326,13,true,10,L,63.1219,63.1219,66.5483,-28.9995,,,0.0000,false,0.0005,1.0000,0.5450,0.0037,0,,,,,,0
session_1788437179326,13,true,11,R,70.2822,42.4739,42.4739,30.5005,2781.0000,-0.5005,1.0000,true,42.5005,0.0000,1.4370,0.0294,0,,,,,,0
session_1788437179326,13,true,12,L,64.8773,64.8773,66.6556,-14.9995,,,0.0000,false,0.0005,1.0000,0.3130,0.0018,0,,,,,,0
session_1788437179326,13,true,13,L,79.9189,79.9189,80.3218,-15.9995,,,0.0000,false,2.0005,0.0353,0.2850,0.0039,0,,,,,,0
session_1788437179326,13,true,14,R,84.3018,70.1434,70.1434,56.5005,,,0.0000,false,-0.4995,0.0000,0.9080,0.0025,0,,,,,,0
session_1788437179326,13,true,15,L,78.1197,78.1197,78.6918,-14.0000,,,0.0000,false,0.0000,1.0000,0.2680,0.0009,0,,,,,,0
session_1788437179326,13,true,16,R,83.9684,83.9684,84.2805,-32.0000,,,0.0000,false,0.0000,1.0000,0.4150,0.0002,0,,,,,,0
session_1788437179326,13,true,17,R,65.6774,48.3811,51.4802,13.5000,4997.0000,47.5000,1.0000,false,,0.0000,1.9900,0.0357,0,,,,,,0
session_1788437179326,13,true,18,R,51.4802,51.4802,70.5446,0.0000,,,0.0000,false,99.0000,0.8039,3.9750,0.0502,0,,,,,,0
session_1788437179326,13,true,19,L,76.6452,76.6452,77.0710,-14.9995,,,0.0000,false,0.0005,1.0000,0.1800,0.0003,0,,,,,,0
session_1788437179326,14,true,0,L,85.7780,85.7780,85.8174,-14.0000,,,0.0000,false,0.0000,1.0000,0.1710,0.0003,0,,,,,,0
session_1788437179326,14,true,1,R,36.3041,17.5887,20.7974,-1.0000,804.0000,96.0000,1.0000,false,21.0000,0.0000,2.3560,0.0591,0,,,,,,0
session_1788437179326,14,true,2,R,20.7974,20.5172,27.8352,23.0000,,,0.0000,false,3.0000,0.0000,2.2520,0.0308,0,,,,,,0
session_1788437179326,14,true,3,L,27.8352,27.8352,35.1114,0.0000,,,0.0000,false,0.0000,1.0000,0.6260,0.0088,0,,,,,,0
session_1788437179326,14,true,4,R,69.8525,69.8525,80.7347,-60.0000,,,0.0000,false,0.0000,0.0351,4.4540,0.0261,0,,,,,,1
session_1788437179326,14,true,5,R,80.9607,80.9607,82.8391,-61.5000,,,0.0000,false,0.5000,1.0000,2.2030,0.0114,0,,,,,,0
session_1788437179326,14,true,6,L,83.7577,83.3946,83.6596,-5.0000,,,0.0000,false,0.0000,1.0000,0.1940,0.0144,0,,,,,,0
session_1788437179326,14,true,7,R,30.5113,30.2973,43.6893,-14.0000,,,0.0000,false,0.0000,0.2627,2.0310,0.0997,0,,,,,,0
session_1788437179326,14,true,8,L,52.2688,52.2688,57.0826,-9.5000,,,0.0000,false,0.5000,1.0000,0.5790,0.0052,0,,,,,,0
session_1788437179326,14,true,9,R,64.8950,42.9173,57.5680,-76.9995,2416.0000,13.5000,1.0000,false,0.0005,0.0000,4.1610,0.1103,0,,,,,,1
session_1788437179326,14,true,10,L,64.4223,64.4223,67.7926,-28.9995,,,0.0000,false,0.0005,1.0000,0.5450,0.0047,0,,,,,,0
session_1788437179326,14,true,11,R,70.6391,42.1157,42.1157,30.5005,2779.0000,1.4995,1.0000,true,35.5005,0.0000,1.4420,0.0300,0,,,,,,0
session_1788437179326,14,true,12,L,64.5653,64.5653,66.5445,-14.9995,,,0.0000,false,0.0005,1.0000,0.3140,0.0013,0,,,,,,0
session_1788437179326,14,true,13,L,80.1178,80.1178,80.4661,-15.9995,,,0.0000,false,0.0005,1.0000,0.2820,0.0003,0,,,,,,0
session_1788437179326,14,true,14,R,84.3723,79.1253,79.1253,56.5005,,,0.0000,false,-0.4995,0.0000,0.8750,0.0025,0,,,,,,0
session_1788437179326,14,true,15,L,77.6926,77.6926,78.3027,-14.0000,,,0.0000,false,0.0000,1.0000,0.2760,0.0002,0,,,,,,0
session_1788437179326,14,true,16,R,83.7416,83.7416,84.0638,-32.0000,,,0.0000,false,0.0000,1.0000,0.4050,0.0004,0,,,,,,0
session_1788437179326,14,true,17,R,76.0770,47.7431,47.9527,61.5000,5021.0000,23.5000,1.0000,true,31.5000,0.0000,1.8890,0.0621,0,,,,,,0
session_1788437179326,14,true,18,R,47.9527,47.9527,70.4394,0.0000,,,0.0000,false,0.0000,1.0000,4.0110,0.0520,0,,,,,,0
session_1788437179326,14,true,19,L,76.3485,76.3485,76.7942,-14.9995,,,0.0000,false,0.0005,1.0000,0.1940,0.0083,0,,,,,,0
session_1788437179326,15,true,0,L,72.1420,71.0196,71.0196,1.0000,,,0.0000,false,,0.2196,0.2160,0.0037,0,,,,,,0
session_1788437179326,15,true,1,R,29.3339,17.1426,18.7008,0.0000,872.0000,28.0000,1.0000,false,50.0000,0.0000,2.5190,0.0639,0,,,,,,0
session_1788437179326,15,true,2,R,18.7008,16.5817,24.9262,16.0000,,,0.0000,false,32.0000,0.0000,2.6500,0.0670,0,,,,,,0
session_1788437179326,15,true,3,L,24.9262,24.9262,32.5866,0.0000,,,0.0000,false,0.0000,1.0000,0.7000,0.0118,0,,,,,,0
session_1788437179326,15,true,4,R,67.6428,57.4889,66.9402,121.0000,,,0.0000,false,,0.0000,5.5050,0.0133,0,,,,,,0
session_1788437179326,15,true,5,R,68.1886,68.1886,75.6211,-61.5000,,,0.0000,false,0.5000,0.9804,2.5000,0.0120,0,,,,,,0
session_1788437179326,15,true,6,L,76.9512,75.4590,75.4590,4.0000,,,0.0000,false,,0.0000,0.2110,0.0002,0,,,,,,0
session_1788437179326,15,true,7,R,23.0167,23.0167,40.7978,-20.0000,,,0.0000,false,0.0000,0.0091,2.3880,0.0477,0,,,,,,0
session_1788437179326,15,true,8,L,50.3228,50.3228,54.9552,-9.5000,,,0.0000,false,5.5000,0.0485,0.5670,0.0026,0,,,,,,0
session_1788437179326,15,true,9,R,58.4456,39.3913,47.1108,31.0005,2443.0000,-13.5000,1.0000,false,36.0005,0.0000,4.6450,0.0261,0,,,,,,1
session_1788437179326,15,true,10,L,56.7880,56.7880,61.3354,-28.9995,,,0.0000,false,0.0005,0.1145,0.6220,0.0053,0,,,,,,0
session_1788437179326,15,true,11,R,53.3525,38.0939,38.4920,15.5005,2766.0000,14.4995,1.0000,false,43.5005,0.0000,1.8580,0.0120,0,,,,,,0
session_1788437179326,15,true,12,L,63.6513,63.6513,65.4212,-14.9995,,,0.0000,false,0.0005,1.0000,0.3460,0.0024,0,,,,,,0
session_1788437179326,15,true,13,L,71.4257,69.5323,69.5323,7.0005,,,0.0000,false,,0.0000,0.3170,0.0003,0,,,,,,0
session_1788437179326,15,true,14,R,45.7161,43.0126,43.0126,56.5005,,,0.0000,false,,0.4627,1.6490,0.0024,0,,,,,,0
session_1788437179326,15,true,15,L,73.1530,73.1530,74.0732,-14.0000,,,0.0000,false,0.0000,1.0000,0.2800,0.0002,0,,,,,,0
session_1788437179326,15,true,16,R,82.4623,82.4623,82.9402,-32.0000,,,0.0000,false,0.0000,1.0000,0.4240,0.0001,0,,,,,,0
session_1788437179326,15,true,17,R,61.1936,49.5609,49.5609,65.5000,,,0.0157,false,67.5000,0.0000,1.8470,0.0521,0,,,,,,0
session_1788437179326,15,true,18,R,49.5609,49.4118,66.5011,4.0000,,,0.0000,false,2.0000,0.5949,4.1630,0.0371,0,,,,,,0
session_1788437179326,15,true,19,L,74.6301,74.6301,75.1765,-14.9995,,,0.0000,false,0.0005,1.0000,0.1900,0.0007,0,,,,,,0
